{
    "name": "root",
    "gauges": {
        "RollerBall.Policy.Entropy.mean": {
            "value": 0.41199591755867004,
            "min": 0.41199591755867004,
            "max": 1.397824764251709,
            "count": 37
        },
        "RollerBall.Policy.Entropy.sum": {
            "value": 4097.71142578125,
            "min": 4097.71142578125,
            "max": 14020.1826171875,
            "count": 37
        },
        "RollerBall.Environment.EpisodeLength.mean": {
            "value": 22.653846153846153,
            "min": 9.643617021276595,
            "max": 12993.57142857143,
            "count": 15
        },
        "RollerBall.Environment.EpisodeLength.sum": {
            "value": 589.0,
            "min": 275.0,
            "max": 90955.0,
            "count": 15
        },
        "RollerBall.Step.mean": {
            "value": 369940.0,
            "min": 9958.0,
            "max": 369940.0,
            "count": 37
        },
        "RollerBall.Step.sum": {
            "value": 369940.0,
            "min": 9958.0,
            "max": 369940.0,
            "count": 37
        },
        "RollerBall.Policy.ExtrinsicValueEstimate.mean": {
            "value": -0.11112542450428009,
            "min": -0.8654776811599731,
            "max": 9.210748976329342e-05,
            "count": 37
        },
        "RollerBall.Policy.ExtrinsicValueEstimate.sum": {
            "value": -19.558074951171875,
            "min": -815.2799682617188,
            "max": 0.014368768781423569,
            "count": 37
        },
        "RollerBall.Environment.CumulativeReward.mean": {
            "value": -0.9230769230769231,
            "min": -1.0,
            "max": -0.8285714285714286,
            "count": 15
        },
        "RollerBall.Environment.CumulativeReward.sum": {
            "value": -24.0,
            "min": -900.0,
            "max": -3.0,
            "count": 15
        },
        "RollerBall.Policy.ExtrinsicReward.mean": {
            "value": -0.9230769230769231,
            "min": -1.0,
            "max": -0.8285714285714286,
            "count": 15
        },
        "RollerBall.Policy.ExtrinsicReward.sum": {
            "value": -24.0,
            "min": -900.0,
            "max": -3.0,
            "count": 15
        },
        "RollerBall.Losses.PolicyLoss.mean": {
            "value": 0.2398862830081112,
            "min": 0.23743165320523665,
            "max": 0.2517036269945132,
            "count": 37
        },
        "RollerBall.Losses.PolicyLoss.sum": {
            "value": 18.471243791624563,
            "min": 18.471243791624563,
            "max": 20.7945576213238,
            "count": 37
        },
        "RollerBall.Losses.ValueLoss.mean": {
            "value": 0.006991737046901664,
            "min": 8.681774266946393e-08,
            "max": 0.1424780692299598,
            "count": 37
        },
        "RollerBall.Losses.ValueLoss.sum": {
            "value": 0.5383637526114281,
            "min": 6.771783928218187e-06,
            "max": 11.540723607626743,
            "count": 37
        },
        "RollerBall.Policy.LearningRate.mean": {
            "value": 0.0002452489000685545,
            "min": 0.0002452489000685545,
            "max": 0.00029925326876742897,
            "count": 37
        },
        "RollerBall.Policy.LearningRate.sum": {
            "value": 0.018884165305278696,
            "min": 0.018884165305278696,
            "max": 0.025308570813809744,
            "count": 37
        },
        "RollerBall.Policy.Epsilon.mean": {
            "value": 0.18174962727272728,
            "min": 0.18174962727272728,
            "max": 0.19975108950617285,
            "count": 37
        },
        "RollerBall.Policy.Epsilon.sum": {
            "value": 13.9947213,
            "min": 13.9947213,
            "max": 16.93619025,
            "count": 37
        },
        "RollerBall.Policy.Beta.mean": {
            "value": 0.0005000000000000001,
            "min": 0.0005000000000000001,
            "max": 0.0005000000000000001,
            "count": 37
        },
        "RollerBall.Policy.Beta.sum": {
            "value": 0.038500000000000006,
            "min": 0.038500000000000006,
            "max": 0.04250000000000001,
            "count": 37
        },
        "RollerBall.IsTraining.mean": {
            "value": 1.0,
            "min": 1.0,
            "max": 1.0,
            "count": 37
        },
        "RollerBall.IsTraining.sum": {
            "value": 1.0,
            "min": 1.0,
            "max": 1.0,
            "count": 37
        }
    },
    "metadata": {
        "timer_format_version": "0.1.0",
        "start_time_seconds": "1671997128",
        "python_version": "3.6.13 |Anaconda, Inc.| (default, Mar 16 2021, 11:37:27) [MSC v.1916 64 bit (AMD64)]",
        "command_line_arguments": "X:\\Users\\xavie\\anaconda3\\envs\\CondaEnvironment\\Scripts\\mlagents-learn config/rollerball_config.yaml --run-id=RollerBall_2walls_between",
        "mlagents_version": "0.28.0",
        "mlagents_envs_version": "0.28.0",
        "communication_protocol_version": "1.5.0",
        "pytorch_version": "1.10.2+cpu",
        "numpy_version": "1.19.5",
        "end_time_seconds": "1671998423"
    },
    "total": 1295.1060576999998,
    "count": 1,
    "self": 10.005540899999914,
    "children": {
        "run_training.setup": {
            "total": 0.0999236,
            "count": 1,
            "self": 0.0999236
        },
        "TrainerController.start_learning": {
            "total": 1285.0005932,
            "count": 1,
            "self": 3.1040278999803377,
            "children": {
                "TrainerController._reset_env": {
                    "total": 9.9012825,
                    "count": 1,
                    "self": 9.9012825
                },
                "TrainerController.advance": {
                    "total": 1271.8915157000195,
                    "count": 189727,
                    "self": 2.979687300008891,
                    "children": {
                        "env_step": {
                            "total": 878.1178679999945,
                            "count": 189727,
                            "self": 707.2990476000082,
                            "children": {
                                "SubprocessEnvManager._take_step": {
                                    "total": 168.94903749998718,
                                    "count": 189728,
                                    "self": 7.078359599966575,
                                    "children": {
                                        "TorchPolicy.evaluate": {
                                            "total": 161.8706779000206,
                                            "count": 185665,
                                            "self": 41.281223300030916,
                                            "children": {
                                                "TorchPolicy.sample_actions": {
                                                    "total": 120.5894545999897,
                                                    "count": 185665,
                                                    "self": 120.5894545999897
                                                }
                                            }
                                        }
                                    }
                                },
                                "workers": {
                                    "total": 1.8697828999991337,
                                    "count": 189726,
                                    "self": 0.0,
                                    "children": {
                                        "worker_root": {
                                            "total": 1249.0694993000097,
                                            "count": 189726,
                                            "is_parallel": true,