{
    "name": "root",
    "metadata": {
        "timer_format_version": "0.1.0",
        "start_time_seconds": "1671911210",
        "python_version": "3.6.13 |Anaconda, Inc.| (default, Mar 16 2021, 11:37:27) [MSC v.1916 64 bit (AMD64)]",
        "command_line_arguments": "X:\\Users\\xavie\\anaconda3\\envs\\CondaEnvironment\\Scripts\\mlagents-learn config/rollerball_config.yaml --run-id=RollerBall_1walltest --force",
        "mlagents_version": "0.28.0",
        "mlagents_envs_version": "0.28.0",
        "communication_protocol_version": "1.5.0",
        "pytorch_version": "1.10.2+cpu",
        "numpy_version": "1.19.5",
        "end_time_seconds": "1671911264"
    },
    "total": 53.9180665,
    "count": 1,
    "self": 10.004848100000004,
    "children": {
        "run_training.setup": {
            "total": 0.0953388,
            "count": 1,
            "self": 0.0953388
        },
        "TrainerController.start_learning": {
            "total": 43.8178796,
            "count": 1,
            "self": 0.02007370000006148,
            "children": {
                "TrainerController._reset_env": {
                    "total": 4.950012399999999,
                    "count": 1,
                    "self": 4.950012399999999
                },
                "TrainerController.advance": {
                    "total": 38.74426379999994,
                    "count": 1185,
                    "self": 0.01809449999982604,
                    "children": {
                        "env_step": {
                            "total": 37.538198300000055,
                            "count": 1185,
                            "self": 36.49061109999997,
                            "children": {
                                "SubprocessEnvManager._take_step": {
                                    "total": 1.036254300000051,
                                    "count": 1186,
                                    "self": 0.04144960000004794,
                                    "children": {
                                        "TorchPolicy.evaluate": {
                                            "total": 0.9948047000000031,
                                            "count": 1135,
                                            "self": 0.2546848999999689,
                                            "children": {
                                                "TorchPolicy.sample_actions": {
                                                    "total": 0.7401198000000342,
                                                    "count": 1135,
                                                    "self": 0.7401198000000342
                                                }
                                            }
                                        }
                                    }
                                },
                                "workers": {
                                    "total": 0.01133290000004017,
                                    "count": 1184,
                                    "self": 0.0,
                                    "children": {
                                        "worker_root": {
                                            "total": 7.616065600000008,
                                            "count": 1184,
                                            "is_parallel": true,
                                            "self": 3.007213000000011,
                                            "children": {
                                                "steps_from_proto": {
                                                    "total": 0.0005405,
                                                    "count": 2,
                                                    "is_parallel": true,
                                                    "self": 0.00032319999999999994,
                                                    "children": {
                                                        "_process_rank_one_or_two_observation": {
                                                            "total": 0.00021730000000000002,
                                                            "count": 4,
                                                            "is_parallel": true,
                                                            "self": 0.00021730000000000002
                                                        }
                                                    }
                                                },
                                                "UnityEnvironment.step": {
                                                    "total": 4.608312099999997,
                                                    "count": 1184,
                                                    "is_parallel": true,
                                                    "self": 0.06960320000001996,
                                                    "children": {
                                                        "UnityEnvironment._generate_step_input": {
                                                            "total": 0.0537274999999872,
                                                            "count": 1184,
                                                            "is_parallel": true,
                                                            "self": 0.0537274999999872
                                                        },
                                                        "communicator.exchange": {
                                                            "total": 4.255345999999994,
                                                            "count": 1184,
                                                            "is_parallel": true,
                                                            "self": 4.255345999999994
                                                        },
                                                        "steps_from_proto": {
                                                            "total": 0.2296353999999954,
                                                            "count": 1184,
                                                            "is_parallel": true,
                                                            "self": 0.14332739999998637,
                                                            "children": {
                                                                "_process_rank_one_or_two_observation": {
                                                                    "total": 0.08630800000000904,
                                                                    "count": 2368,
                                                                    "is_parallel": true,
                                                                    "self": 0.08630800000000904
                                                                }
                                                            }
                                                        }
                                                    }
                                                }
                                            }
                                        }
                                    }
                                }
                            }
                        },
                        "trainer_advance": {
                            "total": 1.1879710000000614,
                            "count": 1184,
                            "self": 0.023916800000175265,
                            "children": {
                                "process_trajectory": {
                                    "total": 0.09293629999988884,
                                    "count": 1184,
                                    "self": 0.09293629999988884
                                },