{
    "name": "root",
    "gauges": {
        "RollerBall.Policy.Entropy.mean": {
            "value": 1.3185234069824219,
            "min": 1.3185234069824219,
            "max": 1.4132407903671265,
            "count": 4
        },
        "RollerBall.Policy.Entropy.sum": {
            "value": 13237.9755859375,
            "min": 13237.9755859375,
            "max": 14245.466796875,
            "count": 4
        },
        "RollerBall.Environment.EpisodeLength.mean": {
            "value": 18.296435272045027,
            "min": 12.549046321525886,
            "max": 18.296435272045027,
            "count": 4
        },
        "RollerBall.Environment.EpisodeLength.sum": {
            "value": 9752.0,
            "min": 9211.0,
            "max": 9752.0,
            "count": 4
        },
        "RollerBall.Step.mean": {
            "value": 39996.0,
            "min": 9945.0,
            "max": 39996.0,
            "count": 4
        },
        "RollerBall.Step.sum": {
            "value": 39996.0,
            "min": 9945.0,
            "max": 39996.0,
            "count": 4
        },
        "RollerBall.Policy.ExtrinsicValueEstimate.mean": {
            "value": -0.8046994209289551,
            "min": -0.8963194489479065,
            "max": -0.8046994209289551,
            "count": 4
        },
        "RollerBall.Policy.ExtrinsicValueEstimate.sum": {
            "value": -470.7491455078125,
            "min": -682.09912109375,
            "max": -470.7491455078125,
            "count": 4
        },
        "RollerBall.Environment.CumulativeReward.mean": {
            "value": -0.9474671669793621,
            "min": -0.9734345351043643,
            "max": -0.9474605954465849,
            "count": 4
        },
        "RollerBall.Environment.CumulativeReward.sum": {
            "value": -505.0,
            "min": -698.0,
            "max": -505.0,
            "count": 4
        },
        "RollerBall.Policy.ExtrinsicReward.mean": {
            "value": -0.9474671669793621,
            "min": -0.9734345351043643,
            "max": -0.9474605954465849,
            "count": 4
        },
        "RollerBall.Policy.ExtrinsicReward.sum": {
            "value": -505.0,
            "min": -698.0,
            "max": -505.0,
            "count": 4
        },
        "RollerBall.Losses.PolicyLoss.mean": {
            "value": 0.24261979082466545,
            "min": 0.2357580505620705,
            "max": 0.24708728614119238,
            "count": 4
        },
        "RollerBall.Losses.PolicyLoss.sum": {
            "value": 19.6522030567979,
            "min": 19.09640209552771,
            "max": 20.261157463577774,
            "count": 4
        },
        "RollerBall.Losses.ValueLoss.mean": {
            "value": 0.03461494915818736,
            "min": 0.034105550315541494,
            "max": 0.09852025721718638,
            "count": 4
        },
        "RollerBall.Losses.ValueLoss.sum": {
            "value": 2.803810881813176,
            "min": 2.7966551258744023,
            "max": 7.980140834592096,
            "count": 4
        },
        "RollerBall.Policy.LearningRate.mean": {
            "value": 0.0002947462054549691,
            "min": 0.0002947462054549691,
            "max": 0.0002992442669185778,
            "count": 4
        },
        "RollerBall.Policy.LearningRate.sum": {
            "value": 0.023874442641852497,
            "min": 0.023874442641852497,
            "max": 0.02429210395263205,
            "count": 4
        },
        "RollerBall.Policy.Epsilon.mean": {
            "value": 0.19824873456790124,
            "min": 0.19824873456790124,
            "max": 0.1997480888888889,
            "count": 4
        },
        "RollerBall.Policy.Epsilon.sum": {
            "value": 16.0581475,
            "min": 16.0581475,
            "max": 16.29736795,
            "count": 4
        },
        "RollerBall.Policy.Beta.mean": {
            "value": 0.0005000000000000001,
            "min": 0.0005000000000000001,
            "max": 0.0005000000000000001,
            "count": 4
        },
        "RollerBall.Policy.Beta.sum": {
            "value": 0.04050000000000001,
            "min": 0.04050000000000001,
            "max": 0.04100000000000001,
            "count": 4
        },
        "RollerBall.IsTraining.mean": {
            "value": 1.0,
            "min": 1.0,
            "max": 1.0,
            "count": 4
        },
        "RollerBall.IsTraining.sum": {
            "value": 1.0,
            "min": 1.0,
            "max": 1.0,
            "count": 4
        }
    },
    "metadata": {
        "timer_format_version": "0.1.0",
        "start_time_seconds": "1671996917",
        "python_version": "3.6.13 |Anaconda, Inc.| (default, Mar 16 2021, 11:37:27) [MSC v.1916 64 bit (AMD64)]",
        "command_line_arguments": "X:\\Users\\xavie\\anaconda3\\envs\\CondaEnvironment\\Scripts\\mlagents-learn config/rollerball_config.yaml --run-id=RollerBall_4walls",
        "mlagents_version": "0.28.0",
        "mlagents_envs_version": "0.28.0",
        "communication_protocol_version": "1.5.0",
        "pytorch_version": "1.10.2+cpu",
        "numpy_version": "1.19.5",
        "end_time_seconds": "1671997103"
    },
    "total": 185.2261387,
    "count": 1,
    "self": 0.005409799999995357,
    "children": {
        "run_training.setup": {
            "total": 0.0998815,
            "count": 1,
            "self": 0.0998815
        },
        "TrainerController.start_learning": {
            "total": 185.1208474,
            "count": 1,
            "self": 0.23584720000002335,
            "children": {
                "TrainerController._reset_env": {
                    "total": 5.4442164,
                    "count": 1,
                    "self": 5.4442164
                },
                "TrainerController.advance": {
                    "total": 179.33815539999998,
                    "count": 14151,
                    "self": 0.21334860000044387,
                    "children": {
                        "env_step": {
                            "total": 126.50040990000014,
                            "count": 14151,
                            "self": 115.05236190000126,
                            "children": {
                                "SubprocessEnvManager._take_step": {
                                    "total": 11.30640019999943,
                                    "count": 14151,
                                    "self": 0.4817970999991257,
                                    "children": {
                                        "TorchPolicy.evaluate": {
                                            "total": 10.824603100000305,
                                            "count": 11867,
                                            "self": 2.701563099999749,
                                            "children": {
                                                "TorchPolicy.sample_actions": {
                                                    "total": 8.123040000000556,
                                                    "count": 11867,
                                                    "self": 8.123040000000556
                                                }
                                            }
                                        }
                                    }
                                },
                                "workers": {
                                    "total": 0.14164779999944876,
                                    "count": 14150,
                                    "self": 0.0,
                                    "children": {
                                        "worker_root": {
                                            "total": 116.81902479999926,
                                            "count": 14150,
                                            "is_parallel": true,
                                            "self": 74.38107229999946,