{
    "name": "root",
    "gauges": {
        "RollerBall.Policy.Entropy.mean": {
            "value": 1.1628696918487549,
            "min": 1.1628696918487549,
            "max": 1.18017578125,
            "count": 2
        },
        "RollerBall.Policy.Entropy.sum": {
            "value": 11624.044921875,
            "min": 10662.888671875,
            "max": 11624.044921875,
            "count": 2
        },
        "RollerBall.Environment.EpisodeLength.mean": {
            "value": 11.51063829787234,
            "min": 11.51063829787234,
            "max": 17.590534979423868,
            "count": 2
        },
        "RollerBall.Environment.EpisodeLength.sum": {
            "value": 9197.0,
            "min": 8549.0,
            "max": 9197.0,
            "count": 2
        },
        "RollerBall.Step.mean": {
            "value": 199996.0,
            "min": 189995.0,
            "max": 199996.0,
            "count": 2
        },
        "RollerBall.Step.sum": {
            "value": 199996.0,
            "min": 189995.0,
            "max": 199996.0,
            "count": 2
        },
        "RollerBall.Policy.ExtrinsicValueEstimate.mean": {
            "value": 0.8653966784477234,
            "min": 0.8144236207008362,
            "max": 0.8653966784477234,
            "count": 2
        },
        "RollerBall.Policy.ExtrinsicValueEstimate.sum": {
            "value": 691.4519653320312,
            "min": 431.64453125,
            "max": 691.4519653320312,
            "count": 2
        },
        "RollerBall.Environment.CumulativeReward.mean": {
            "value": 0.9123904881101377,
            "min": 0.9123904881101377,
            "max": 0.9298969072164949,
            "count": 2
        },
        "RollerBall.Environment.CumulativeReward.sum": {
            "value": 729.0,
            "min": 451.0,
            "max": 729.0,
            "count": 2
        },
        "RollerBall.Policy.ExtrinsicReward.mean": {
            "value": 0.9123904881101377,
            "min": 0.9123904881101377,
            "max": 0.9298969072164949,
            "count": 2
        },
        "RollerBall.Policy.ExtrinsicReward.sum": {
            "value": 729.0,
            "min": 451.0,
            "max": 729.0,
            "count": 2
        },
        "RollerBall.Losses.PolicyLoss.mean": {
            "value": 0.23854420843849666,
            "min": 0.23854420843849666,
            "max": 0.24077856730400304,
            "count": 2
        },
        "RollerBall.Losses.PolicyLoss.sum": {
            "value": 21.946067176341693,
            "min": 18.780728249712237,
            "max": 21.946067176341693,
            "count": 2
        },
        "RollerBall.Losses.ValueLoss.mean": {
            "value": 0.015063768420140922,
            "min": 0.009579856522446648,
            "max": 0.015063768420140922,
            "count": 2
        },
        "RollerBall.Losses.ValueLoss.sum": {
            "value": 1.3858666946529647,
            "min": 0.7472288087508385,
            "max": 1.3858666946529647,
            "count": 2
        },
        "RollerBall.Policy.LearningRate.mean": {
            "value": 0.00018300005856521082,
            "min": 0.00018300005856521082,
            "max": 0.00018871422171065638,
            "count": 2
        },
        "RollerBall.Policy.LearningRate.sum": {
            "value": 0.016836005387999394,
            "min": 0.014719709293431197,
            "max": 0.016836005387999394,
            "count": 2
        },
        "RollerBall.Policy.Epsilon.mean": {
            "value": 0.16100000652173915,
            "min": 0.16100000652173915,
            "max": 0.16290472820512825,
            "count": 2
        },
        "RollerBall.Policy.Epsilon.sum": {
            "value": 14.812000600000001,
            "min": 12.706568800000003,
            "max": 14.812000600000001,
            "count": 2
        },
        "RollerBall.Policy.Beta.mean": {
            "value": 0.0005000000000000001,
            "min": 0.0005000000000000001,
            "max": 0.0005000000000000001,
            "count": 2
        },
        "RollerBall.Policy.Beta.sum": {
            "value": 0.04600000000000001,
            "min": 0.03900000000000001,
            "max": 0.04600000000000001,
            "count": 2
        },
        "RollerBall.IsTraining.mean": {
            "value": 1.0,
            "min": 1.0,
            "max": 1.0,
            "count": 2
        },
        "RollerBall.IsTraining.sum": {
            "value": 1.0,
            "min": 1.0,
            "max": 1.0,
            "count": 2
        }
    },
    "metadata": {
        "timer_format_version": "0.1.0",
        "start_time_seconds": "1671661282",
        "python_version": "3.6.13 |Anaconda, Inc.| (default, Mar 16 2021, 11:37:27) [MSC v.1916 64 bit (AMD64)]",
        "command_line_arguments": "X:\\Users\\xavie\\anaconda3\\envs\\CondaEnvironment\\Scripts\\mlagents-learn config/rollerball_config.yaml --run-id=RollerBall_test --resume",
        "mlagents_version": "0.28.0",
        "mlagents_envs_version": "0.28.0",
        "communication_protocol_version": "1.5.0",
        "pytorch_version": "1.10.2+cpu",
        "numpy_version": "1.19.5",
        "end_time_seconds": "1671661470"
    },
    "total": 187.7906979,
    "count": 1,
    "self": 0.006736100000011902,
    "children": {
        "run_training.setup": {
            "total": 0.1053187,
            "count": 1,
            "self": 0.1053187
        },
        "TrainerController.start_learning": {
            "total": 187.6786431,
            "count": 1,
            "self": 0.3377031999992539,
            "children": {
                "TrainerController._reset_env": {
                    "total": 7.0882715,
                    "count": 1,
                    "self": 7.0882715
                },
                "TrainerController.advance": {
                    "total": 180.13059040000076,
                    "count": 21487,
                    "self": 0.3434421000006864,
                    "children": {
                        "env_step": {
                            "total": 156.63330540000015,
                            "count": 21487,
                            "self": 137.9636434999983,
                            "children": {
                                "SubprocessEnvManager._take_step": {
                                    "total": 18.45662260000119,
                                    "count": 21487,
                                    "self": 0.7642422000008935,
                                    "children": {
                                        "TorchPolicy.evaluate": {
                                            "total": 17.692380400000296,
                                            "count": 20377,
                                            "self": 4.565819300000408,
                                            "children": {
                                                "TorchPolicy.sample_actions": {
                                                    "total": 13.126561099999888,
                                                    "count": 20377,
                                                    "self": 13.126561099999888
                                                }
                                            }
                                        }
                                    }
                                },
                                "workers": {
                                    "total": 0.2130393000006432,
                                    "count": 21486,
                                    "self": 0.0,
                                    "children": {
                                        "worker_root": {
                                            "total": 117.64719069999923,
                                            "count": 21486,
                                            "is_parallel": true,