{
    "name": "root",
    "gauges": {
        "RollerBall.Policy.Entropy.mean": {
            "value": 1.2314181327819824,
            "min": 1.2052814960479736,
            "max": 1.426853060722351,
            "count": 19
        },
        "RollerBall.Policy.Entropy.sum": {
            "value": 12321.5693359375,
            "min": 11980.498046875,
            "max": 14282.798828125,
            "count": 19
        },
        "RollerBall.Environment.EpisodeLength.mean": {
            "value": 37.76538461538462,
            "min": 17.01086956521739,
            "max": 47.0625,
            "count": 19
        },
        "RollerBall.Environment.EpisodeLength.sum": {
            "value": 9819.0,
            "min": 9390.0,
            "max": 9819.0,
            "count": 19
        },
        "RollerBall.Step.mean": {
            "value": 189977.0,
            "min": 9955.0,
            "max": 189977.0,
            "count": 19
        },
        "RollerBall.Step.sum": {
            "value": 189977.0,
            "min": 9955.0,
            "max": 189977.0,
            "count": 19
        },
        "RollerBall.Policy.ExtrinsicValueEstimate.mean": {
            "value": -0.10111925005912781,
            "min": -0.17510119080543518,
            "max": -0.03913060948252678,
            "count": 19
        },
        "RollerBall.Policy.ExtrinsicValueEstimate.sum": {
            "value": -34.077186584472656,
            "min": -90.29263305664062,
            "max": -13.421799659729004,
            "count": 19
        },
        "RollerBall.Environment.CumulativeReward.mean": {
            "value": -0.15730769416460624,
            "min": -0.19126637787537804,
            "max": -0.08211679011583328,
            "count": 19
        },
        "RollerBall.Environment.CumulativeReward.sum": {
            "value": -40.90000048279762,
            "min": -87.60000106692314,
            "max": -22.50000049173832,
            "count": 19
        },
        "RollerBall.Policy.ExtrinsicReward.mean": {
            "value": -0.15730769416460624,
            "min": -0.19126637787537804,
            "max": -0.08211679011583328,
            "count": 19
        },
        "RollerBall.Policy.ExtrinsicReward.sum": {
            "value": -40.90000048279762,
            "min": -87.60000106692314,
            "max": -22.50000049173832,
            "count": 19
        },
        "RollerBall.Losses.PolicyLoss.mean": {
            "value": 0.2395576367616939,
            "min": 0.23752273819592765,
            "max": 0.25405512450555345,
            "count": 19
        },
        "RollerBall.Losses.PolicyLoss.sum": {
            "value": 19.404168577697206,
            "min": 19.4036588689396,
            "max": 20.772441506021163,
            "count": 19
        },
        "RollerBall.Losses.ValueLoss.mean": {
            "value": 0.009631741368246304,
            "min": 0.006600652663037468,
            "max": 0.06141907318339068,
            "count": 19
        },
        "RollerBall.Losses.ValueLoss.sum": {
            "value": 0.7801710508279507,
            "min": 0.5478541710321099,
            "max": 5.036364001038036,
            "count": 19
        },
        "RollerBall.Policy.LearningRate.mean": {
            "value": 0.0002722479314729148,
            "min": 0.0002722479314729148,
            "max": 0.00029925152585924753,
            "count": 19
        },
        "RollerBall.Policy.LearningRate.sum": {
            "value": 0.022052082449306096,
            "min": 0.022052082449306096,
            "max": 0.0247993103335633,
            "count": 19
        },
        "RollerBall.Policy.Epsilon.mean": {
            "value": 0.19074930740740745,
            "min": 0.19074930740740745,
            "max": 0.19975050853658533,
            "count": 19
        },
        "RollerBall.Policy.Epsilon.sum": {
            "value": 15.450693900000003,
            "min": 15.450693900000003,
            "max": 16.766436699999996,
            "count": 19
        },
        "RollerBall.Policy.Beta.mean": {
            "value": 0.0005000000000000001,
            "min": 0.0005000000000000001,
            "max": 0.0005000000000000001,
            "count": 19
        },
        "RollerBall.Policy.Beta.sum": {
            "value": 0.04050000000000001,
            "min": 0.04000000000000001,
            "max": 0.04250000000000001,
            "count": 19
        },
        "RollerBall.IsTraining.mean": {
            "value": 1.0,
            "min": 1.0,
            "max": 1.0,
            "count": 19
        },
        "RollerBall.IsTraining.sum": {
            "value": 1.0,
            "min": 1.0,
            "max": 1.0,
            "count": 19
        }
    },
    "metadata": {
        "timer_format_version": "0.1.0",
        "start_time_seconds": "1671999459",
        "python_version": "3.6.13 |Anaconda, Inc.| (default, Mar 16 2021, 11:37:27) [MSC v.1916 64 bit (AMD64)]",
        "command_line_arguments": "X:\\Users\\xavie\\anaconda3\\envs\\CondaEnvironment\\Scripts\\mlagents-learn config/rollerball_config.yaml --run-id=RollerBall_2walls_between_time --force",
        "mlagents_version": "0.28.0",
        "mlagents_envs_version": "0.28.0",
        "communication_protocol_version": "1.5.0",
        "pytorch_version": "1.10.2+cpu",
        "numpy_version": "1.19.5",
        "end_time_seconds": "1672000240"
    },
    "total": 780.4062482,
    "count": 1,
    "self": 0.004668400000014117,
    "children": {
        "run_training.setup": {
            "total": 0.0985618,
            "count": 1,
            "self": 0.0985618
        },
        "TrainerController.start_learning": {
            "total": 780.3030180000001,
            "count": 1,
            "self": 1.7074112999747513,
            "children": {
                "TrainerController._reset_env": {
                    "total": 6.60787,
                    "count": 1,
                    "self": 6.60787
                },
                "TrainerController.advance": {
                    "total": 771.8832977000252,
                    "count": 105118,
                    "self": 1.5303947000269318,
                    "children": {
                        "env_step": {
                            "total": 554.6163123999966,
                            "count": 105118,
                            "self": 463.4350084999851,
                            "children": {
                                "SubprocessEnvManager._take_step": {
                                    "total": 90.16430390001432,
                                    "count": 105118,
                                    "self": 3.759046199992625,
                                    "children": {
                                        "TorchPolicy.evaluate": {
                                            "total": 86.40525770002169,
                                            "count": 99384,
                                            "self": 21.938355500037247,
                                            "children": {
                                                "TorchPolicy.sample_actions": {
                                                    "total": 64.46690219998445,
                                                    "count": 99384,
                                                    "self": 64.46690219998445
                                                }
                                            }
                                        }
                                    }
                                },
                                "workers": {
                                    "total": 1.0169999999971413,
                                    "count": 105117,
                                    "self": 0.0,
                                    "children": {
                                        "worker_root": {
                                            "total": 709.1105619000059,
                                            "count": 105117,