{"count":1,"self":32.2482816,"total":57.940770199999996,"children":{"InitializeActuators":{"count":2,"self":0.0059939999999999993,"total":0.0059939999999999993,"children":null},"InitializeSensors":{"count":2,"self":0.00099819999999999987,"total":0.00099819999999999987,"children":null},"AgentSendState":{"count":38543,"self":0.1341936,"total":0.21698199999999998,"children":{"CollectObservations":{"count":4983,"self":0.0309415,"total":0.0309415,"children":null},"WriteActionMask":{"count":4983,"self":0.0079705,"total":0.0079705,"children":null},"RequestDecision":{"count":4983,"self":0.043876399999999996,"total":0.043876399999999996,"children":null}}},"DecideAction":{"count":38543,"self":6.0082743999999995,"total":6.0082743999999995,"children":null},"AgentAct":{"count":38543,"self":19.4602416,"total":19.4602415,"children":null}},"gauges":{"RollerBall.CumulativeReward":{"count":72,"max":-0.5,"min":-3,"runningAverage":-0.6388889,"value":-1,"weightedAverage":-1.09395087}},"metadata":{"timer_format_version":"0.1.0","start_time_seconds":"1673669231","unity_version":"2021.3.4f1","command_line_arguments":"D:\\unity\\2021.3.4f1\\Editor\\Unity.exe -projectpath D:\\y\\UNIS\\3o\\ia\\IA_City_project\\PokemonTown -useHub -hubIPC -cloudEnvironment production -licensingIpc LicenseClient-xxavi -hubSessionId 4892fe10-936b-11ed-96e4-2b0802846352 -accessToken sRhAXOBbzXD3Eodb-FS0TSUTzwbs3C80gh_LPw6Ep3I006f","communication_protocol_version":"1.5.0","com.unity.ml-agents_version":"2.2.1-exp.1","scene_name":"IA_CITY","end_time_seconds":"1673669289"}}