{
    "name": "root",
    "gauges": {
        "RollerBall.Policy.Entropy.mean": {
            "value": 1.4166828393936157,
            "min": 1.4166828393936157,
            "max": 1.4166828393936157,
            "count": 1
        },
        "RollerBall.Policy.Entropy.sum": {
            "value": 14416.1640625,
            "min": 14416.1640625,
            "max": 14416.1640625,
            "count": 1
        },
        "RollerBall.Environment.EpisodeLength.mean": {
            "value": 15.072131147540984,
            "min": 15.072131147540984,
            "max": 15.072131147540984,
            "count": 1
        },
        "RollerBall.Environment.EpisodeLength.sum": {
            "value": 9194.0,
            "min": 9194.0,
            "max": 9194.0,
            "count": 1
        },
        "RollerBall.Step.mean": {
            "value": 9996.0,
            "min": 9996.0,
            "max": 9996.0,
            "count": 1
        },
        "RollerBall.Step.sum": {
            "value": 9996.0,
            "min": 9996.0,
            "max": 9996.0,
            "count": 1
        },
        "RollerBall.Policy.ExtrinsicValueEstimate.mean": {
            "value": -0.7122145891189575,
            "min": -0.7122145891189575,
            "max": -0.7122145891189575,
            "count": 1
        },
        "RollerBall.Policy.ExtrinsicValueEstimate.sum": {
            "value": -474.3349304199219,
            "min": -474.3349304199219,
            "max": -474.3349304199219,
            "count": 1
        },
        "RollerBall.Environment.CumulativeReward.mean": {
            "value": -0.980327868852459,
            "min": -0.980327868852459,
            "max": -0.980327868852459,
            "count": 1
        },
        "RollerBall.Environment.CumulativeReward.sum": {
            "value": -598.0,
            "min": -598.0,
            "max": -598.0,
            "count": 1
        },
        "RollerBall.Policy.ExtrinsicReward.mean": {
            "value": -0.980327868852459,
            "min": -0.980327868852459,
            "max": -0.980327868852459,
            "count": 1
        },
        "RollerBall.Policy.ExtrinsicReward.sum": {
            "value": -598.0,
            "min": -598.0,
            "max": -598.0,
            "count": 1
        },
        "RollerBall.Losses.PolicyLoss.mean": {
            "value": 0.2431393984170881,
            "min": 0.2431393984170881,
            "max": 0.2431393984170881,
            "count": 1
        },
        "RollerBall.Losses.PolicyLoss.sum": {
            "value": 18.96487307653287,
            "min": 18.96487307653287,
            "max": 18.96487307653287,
            "count": 1
        },
        "RollerBall.Losses.ValueLoss.mean": {
            "value": 0.07704212240182717,
            "min": 0.07704212240182717,
            "max": 0.07704212240182717,
            "count": 1
        },
        "RollerBall.Losses.ValueLoss.sum": {
            "value": 6.00928554734252,
            "min": 6.00928554734252,
            "max": 6.00928554734252,
            "count": 1
        },
        "RollerBall.Policy.LearningRate.mean": {
            "value": 0.0002992279906419519,
            "min": 0.0002992279906419519,
            "max": 0.0002992279906419519,
            "count": 1
        },
        "RollerBall.Policy.LearningRate.sum": {
            "value": 0.02333978327007225,
            "min": 0.02333978327007225,
            "max": 0.02333978327007225,
            "count": 1
        },
        "RollerBall.Policy.Epsilon.mean": {
            "value": 0.1997426634615385,
            "min": 0.1997426634615385,
            "max": 0.1997426634615385,
            "count": 1
        },
        "RollerBall.Policy.Epsilon.sum": {
            "value": 15.579927750000003,
            "min": 15.579927750000003,
            "max": 15.579927750000003,
            "count": 1
        },
        "RollerBall.Policy.Beta.mean": {
            "value": 0.0005000000000000001,
            "min": 0.0005000000000000001,
            "max": 0.0005000000000000001,
            "count": 1
        },
        "RollerBall.Policy.Beta.sum": {
            "value": 0.03900000000000001,
            "min": 0.03900000000000001,
            "max": 0.03900000000000001,
            "count": 1
        },
        "RollerBall.IsTraining.mean": {
            "value": 1.0,
            "min": 1.0,
            "max": 1.0,
            "count": 1
        },
        "RollerBall.IsTraining.sum": {
            "value": 1.0,
            "min": 1.0,
            "max": 1.0,
            "count": 1
        }
    },
    "metadata": {
        "timer_format_version": "0.1.0",
        "start_time_seconds": "1671996813",
        "python_version": "3.6.13 |Anaconda, Inc.| (default, Mar 16 2021, 11:37:27) [MSC v.1916 64 bit (AMD64)]",
        "command_line_arguments": "X:\\Users\\xavie\\anaconda3\\envs\\CondaEnvironment\\Scripts\\mlagents-learn config/rollerball_config.yaml --run-id=RollerBall_6walls",
        "mlagents_version": "0.28.0",
        "mlagents_envs_version": "0.28.0",
        "communication_protocol_version": "1.5.0",
        "pytorch_version": "1.10.2+cpu",
        "numpy_version": "1.19.5",
        "end_time_seconds": "1671996857"
    },
    "total": 43.9465745,
    "count": 1,
    "self": 10.005934599999996,
    "children": {
        "run_training.setup": {
            "total": 0.1020698,
            "count": 1,
            "self": 0.1020698
        },
        "TrainerController.start_learning": {
            "total": 33.8385701,
            "count": 1,
            "self": 0.040961100000075135,
            "children": {
                "TrainerController._reset_env": {
                    "total": 5.775504700000001,
                    "count": 1,
                    "self": 5.775504700000001
                },
                "TrainerController.advance": {
                    "total": 27.91516479999993,
                    "count": 2339,
                    "self": 0.03741949999995953,
                    "children": {
                        "env_step": {
                            "total": 16.07952260000003,
                            "count": 2339,
                            "self": 14.308912200000055,
                            "children": {
                                "SubprocessEnvManager._take_step": {
                                    "total": 1.7474139000000353,
                                    "count": 2340,
                                    "self": 0.07728500000013039,
                                    "children": {
                                        "TorchPolicy.evaluate": {
                                            "total": 1.6701288999999049,
                                            "count": 1795,
                                            "self": 0.41579859999991253,
                                            "children": {
                                                "TorchPolicy.sample_actions": {
                                                    "total": 1.2543302999999923,
                                                    "count": 1795,
                                                    "self": 1.2543302999999923
                                                }
                                            }
                                        }
                                    }
                                },
                                "workers": {
                                    "total": 0.02319649999993878,
                                    "count": 2338,
                                    "self": 0.0,
                                    "children": {
                                        "worker_root": {
                                            "total": 22.985375300000012,
                                            "count": 2338,
                                            "is_parallel": true,
                                            "self": 15.37389699999996,