{
    "name": "root",
    "gauges": {
        "RollerBall.Policy.Entropy.mean": {
            "value": 1.2785784006118774,
            "min": 1.2785784006118774,
            "max": 1.3669739961624146,
            "count": 27
        },
        "RollerBall.Policy.Entropy.sum": {
            "value": 12765.326171875,
            "min": 3642.2021484375,
            "max": 13712.154296875,
            "count": 27
        },
        "RollerBall.Environment.EpisodeLength.mean": {
            "value": 20.48611111111111,
            "min": 8.413922859830668,
            "max": 1468.8,
            "count": 25
        },
        "RollerBall.Environment.EpisodeLength.sum": {
            "value": 1475.0,
            "min": 1475.0,
            "max": 14688.0,
            "count": 25
        },
        "RollerBall.Step.mean": {
            "value": 789957.0,
            "min": 529996.0,
            "max": 789957.0,
            "count": 27
        },
        "RollerBall.Step.sum": {
            "value": 789957.0,
            "min": 529996.0,
            "max": 789957.0,
            "count": 27
        },
        "RollerBall.Policy.ExtrinsicValueEstimate.mean": {
            "value": -0.20631220936775208,
            "min": -0.6186286807060242,
            "max": -0.0023933027405291796,
            "count": 27
        },
        "RollerBall.Policy.ExtrinsicValueEstimate.sum": {
            "value": -44.563438415527344,
            "min": -652.930419921875,
            "max": -0.3733552396297455,
            "count": 27
        },
        "RollerBall.Environment.CumulativeReward.mean": {
            "value": -0.6944444444444444,
            "min": -0.6944444444444444,
            "max": -0.5,
            "count": 25
        },
        "RollerBall.Environment.CumulativeReward.sum": {
            "value": -50.0,
            "min": -692.0,
            "max": -5.0,
            "count": 25
        },
        "RollerBall.Policy.ExtrinsicReward.mean": {
            "value": -0.6944444444444444,
            "min": -0.6944444444444444,
            "max": -0.5,
            "count": 25
        },
        "RollerBall.Policy.ExtrinsicReward.sum": {
            "value": -50.0,
            "min": -692.0,
            "max": -5.0,
            "count": 25
        },
        "RollerBall.Losses.PolicyLoss.mean": {
            "value": 0.243285836726309,
            "min": 0.22899703660568893,
            "max": 0.24453558976456397,
            "count": 27
        },
        "RollerBall.Losses.PolicyLoss.sum": {
            "value": 18.9762952646521,
            "min": 5.495928878536534,
            "max": 22.04277945673887,
            "count": 27
        },
        "RollerBall.Losses.ValueLoss.mean": {
            "value": 0.006509769697404765,
            "min": 4.6159490672052566e-05,
            "max": 0.05404828094595037,
            "count": 27
        },
        "RollerBall.Losses.ValueLoss.sum": {
            "value": 0.5077620363975717,
            "min": 0.0036004402724201003,
            "max": 4.702200442297682,
            "count": 27
        },
        "RollerBall.Policy.LearningRate.mean": {
            "value": 0.00018225399309483586,
            "min": 0.00018225399309483586,
            "max": 0.00022070045768318955,
            "count": 27
        },
        "RollerBall.Policy.LearningRate.sum": {
            "value": 0.014215811461397198,
            "min": 0.005296810984396549,
            "max": 0.01977672525775905,
            "count": 27
        },
        "RollerBall.Policy.Epsilon.mean": {
            "value": 0.16075131794871794,
            "min": 0.16075131794871794,
            "max": 0.17356681041666666,
            "count": 27
        },
        "RollerBall.Policy.Epsilon.sum": {
            "value": 12.5386028,
            "min": 4.16560345,
            "max": 15.59224095,
            "count": 27
        },
        "RollerBall.Policy.Beta.mean": {
            "value": 0.0005000000000000001,
            "min": 0.0005,
            "max": 0.0005000000000000001,
            "count": 27
        },
        "RollerBall.Policy.Beta.sum": {
            "value": 0.03900000000000001,
            "min": 0.012,
            "max": 0.04600000000000001,
            "count": 27
        },
        "RollerBall.IsTraining.mean": {
            "value": 1.0,
            "min": 1.0,
            "max": 1.0,
            "count": 27
        },
        "RollerBall.IsTraining.sum": {
            "value": 1.0,
            "min": 1.0,
            "max": 1.0,
            "count": 27
        }
    },
    "metadata": {
        "timer_format_version": "0.1.0",
        "start_time_seconds": "1671993338",
        "python_version": "3.6.13 |Anaconda, Inc.| (default, Mar 16 2021, 11:37:27) [MSC v.1916 64 bit (AMD64)]",
        "command_line_arguments": "X:\\Users\\xavie\\anaconda3\\envs\\CondaEnvironment\\Scripts\\mlagents-learn config/rollerball_config.yaml --run-id=RollerBall_2walls --resume",
        "mlagents_version": "0.28.0",
        "mlagents_envs_version": "0.28.0",
        "communication_protocol_version": "1.5.0",
        "pytorch_version": "1.10.2+cpu",
        "numpy_version": "1.19.5",
        "end_time_seconds": "1671994351"
    },
    "total": 1012.9408345,
    "count": 1,
    "self": 0.004713700000138488,
    "children": {
        "run_training.setup": {
            "total": 0.2053254,
            "count": 1,
            "self": 0.2053254
        },
        "TrainerController.start_learning": {
            "total": 1012.7307953999999,
            "count": 1,
            "self": 2.5621991999959164,
            "children": {
                "TrainerController._reset_env": {
                    "total": 8.511352800000001,
                    "count": 1,
                    "self": 8.511352800000001
                },
                "TrainerController.advance": {
                    "total": 1000.8235484000039,
                    "count": 149422,
                    "self": 2.4545426000016732,
                    "children": {
                        "env_step": {
                            "total": 679.3262174999954,
                            "count": 149422,
                            "self": 547.6924823000215,
                            "children": {
                                "SubprocessEnvManager._take_step": {
                                    "total": 130.0963981999847,
                                    "count": 149422,
                                    "self": 5.436841099981166,
                                    "children": {
                                        "TorchPolicy.evaluate": {
                                            "total": 124.65955710000352,
                                            "count": 132107,
                                            "self": 31.434010000008996,
                                            "children": {
                                                "TorchPolicy.sample_actions": {
                                                    "total": 93.22554709999453,
                                                    "count": 132107,
                                                    "self": 93.22554709999453
                                                }
                                            }
                                        }
                                    }
                                },
                                "workers": {
                                    "total": 1.537336999989222,
                                    "count": 149421,
                                    "self": 0.0,
                                    "children": {
                                        "worker_root": {
                                            "total": 938.3089741999972,
                                            "count": 149421,
                                            "is_parallel": true,
                                            "self": 557.2555418000168,