{
    "name": "root",
    "gauges": {
        "RollerBall.Policy.Entropy.mean": {
            "value": 1.2874643802642822,
            "min": 1.2874643802642822,
            "max": 1.4042534828186035,
            "count": 7
        },
        "RollerBall.Policy.Entropy.sum": {
            "value": 12843.7451171875,
            "min": 12843.7451171875,
            "max": 14073.4287109375,
            "count": 7
        },
        "RollerBall.Environment.EpisodeLength.mean": {
            "value": 20.180467091295117,
            "min": 14.748031496062993,
            "max": 22.039080459770116,
            "count": 7
        },
        "RollerBall.Environment.EpisodeLength.sum": {
            "value": 9505.0,
            "min": 9365.0,
            "max": 9587.0,
            "count": 7
        },
        "RollerBall.Step.mean": {
            "value": 69989.0,
            "min": 9994.0,
            "max": 69989.0,
            "count": 7
        },
        "RollerBall.Step.sum": {
            "value": 69989.0,
            "min": 9994.0,
            "max": 69989.0,
            "count": 7
        },
        "RollerBall.Policy.ExtrinsicValueEstimate.mean": {
            "value": -0.7653282284736633,
            "min": -0.8190199136734009,
            "max": -0.7089113593101501,
            "count": 7
        },
        "RollerBall.Policy.ExtrinsicValueEstimate.sum": {
            "value": -382.66412353515625,
            "min": -523.1912841796875,
            "max": -335.3150634765625,
            "count": 7
        },
        "RollerBall.Environment.CumulativeReward.mean": {
            "value": -0.8216560585483624,
            "min": -0.91682028495771,
            "max": -0.8216560585483624,
            "count": 7
        },
        "RollerBall.Environment.CumulativeReward.sum": {
            "value": -387.0000035762787,
            "min": -547.2000044286251,
            "max": -387.0000035762787,
            "count": 7
        },
        "RollerBall.Policy.ExtrinsicReward.mean": {
            "value": -0.8216560585483624,
            "min": -0.91682028495771,
            "max": -0.8216560585483624,
            "count": 7
        },
        "RollerBall.Policy.ExtrinsicReward.sum": {
            "value": -387.0000035762787,
            "min": -547.2000044286251,
            "max": -387.0000035762787,
            "count": 7
        },
        "RollerBall.Losses.PolicyLoss.mean": {
            "value": 0.24109589854360763,
            "min": 0.23309887427895845,
            "max": 0.24681998612832162,
            "count": 7
        },
        "RollerBall.Losses.PolicyLoss.sum": {
            "value": 19.52876778203222,
            "min": 18.881008816595635,
            "max": 20.239238862522374,
            "count": 7
        },
        "RollerBall.Losses.ValueLoss.mean": {
            "value": 0.03463671751096777,
            "min": 0.03463671751096777,
            "max": 0.14892134031501883,
            "count": 7
        },
        "RollerBall.Losses.ValueLoss.sum": {
            "value": 2.8055741183883898,
            "min": 2.8055741183883898,
            "max": 12.062628565516524,
            "count": 7
        },
        "RollerBall.Policy.LearningRate.mean": {
            "value": 0.0002610020129993333,
            "min": 0.0002610020129993333,
            "max": 0.0002969734454532963,
            "count": 7
        },
        "RollerBall.Policy.LearningRate.sum": {
            "value": 0.021141163052946,
            "min": 0.021141163052946,
            "max": 0.024441944052685398,
            "count": 7
        },
        "RollerBall.Policy.Epsilon.mean": {
            "value": 0.18700066666666668,
            "min": 0.18700066666666668,
            "max": 0.19899114814814817,
            "count": 7
        },
        "RollerBall.Policy.Epsilon.sum": {
            "value": 15.147054,
            "min": 15.147054,
            "max": 16.5473146,
            "count": 7
        },
        "RollerBall.Policy.Beta.mean": {
            "value": 0.0005000000000000001,
            "min": 0.0005000000000000001,
            "max": 0.0005000000000000001,
            "count": 7
        },
        "RollerBall.Policy.Beta.sum": {
            "value": 0.04050000000000001,
            "min": 0.04050000000000001,
            "max": 0.04200000000000001,
            "count": 7
        },
        "RollerBall.IsTraining.mean": {
            "value": 1.0,
            "min": 1.0,
            "max": 1.0,
            "count": 7
        },
        "RollerBall.IsTraining.sum": {
            "value": 1.0,
            "min": 1.0,
            "max": 1.0,
            "count": 7
        }
    },
    "metadata": {
        "timer_format_version": "0.1.0",
        "start_time_seconds": "1671909625",
        "python_version": "3.6.13 |Anaconda, Inc.| (default, Mar 16 2021, 11:37:27) [MSC v.1916 64 bit (AMD64)]",
        "command_line_arguments": "X:\\Users\\xavie\\anaconda3\\envs\\CondaEnvironment\\Scripts\\mlagents-learn config/rollerball_config.yaml --run-id=RollerBall_walls",
        "mlagents_version": "0.28.0",
        "mlagents_envs_version": "0.28.0",
        "communication_protocol_version": "1.5.0",
        "pytorch_version": "1.10.2+cpu",
        "numpy_version": "1.19.5",
        "end_time_seconds": "1671910120"
    },
    "total": 495.3192411,
    "count": 1,
    "self": 0.006010199999991528,
    "children": {
        "run_training.setup": {
            "total": 0.1011595,
            "count": 1,
            "self": 0.1011595
        },
        "TrainerController.start_learning": {
            "total": 495.2120714,
            "count": 1,
            "self": 1.212126500004615,
            "children": {
                "TrainerController._reset_env": {
                    "total": 11.2886161,
                    "count": 1,
                    "self": 11.2886161
                },
                "TrainerController.advance": {
                    "total": 482.5983549999954,
                    "count": 75314,
                    "self": 1.1248486999921283,
                    "children": {
                        "env_step": {
                            "total": 399.7992385000035,
                            "count": 75314,
                            "self": 334.19656139999154,
                            "children": {
                                "SubprocessEnvManager._take_step": {
                                    "total": 64.86297670000903,
                                    "count": 75314,
                                    "self": 2.613725800001909,
                                    "children": {
                                        "TorchPolicy.evaluate": {
                                            "total": 62.24925090000712,
                                            "count": 72137,
                                            "self": 15.864567000003852,
                                            "children": {
                                                "TorchPolicy.sample_actions": {
                                                    "total": 46.38468390000327,
                                                    "count": 72137,
                                                    "self": 46.38468390000327
                                                }
                                            }
                                        }
                                    }
                                },
                                "workers": {
                                    "total": 0.7397004000029721,
                                    "count": 75313,
                                    "self": 0.0,
                                    "children": {
                                        "worker_root": {
                                            "total": 419.54228419999146,
                                            "count": 75313,
                                            "is_parallel": true,